{
  "best_trial": 24,
  "best_config": {
    "hidden_sizes": [
      128,
      64,
      32
    ],
    "activation": "relu",
    "dropout": 0.2,
    "epochs": 70,
    "learning_rate": 0.004945753660050307,
    "pos_weight": 38.589602581092954,
    "weight_decay": 0.002366423337994235,
    "seed": 42
  },
  "threshold": 0.9677324891090393,
  "validation_metrics": {
    "precision": 0.8064516129032258,
    "recall": 0.7936507936507936,
    "f1": 0.8,
    "roc_auc": 0.95491850648062,
    "pr_auc": 0.7116812807426068,
    "confusion_matrix": [
      [
        36381,
        12
      ],
      [
        13,
        50
      ]
    ]
  },
  "test_metrics": {
    "precision": 0.8923076923076924,
    "recall": 0.7341772151898734,
    "f1": 0.8055555555555556,
    "roc_auc": 0.9888360496534223,
    "pr_auc": 0.799715433582345,
    "confusion_matrix": [
      [
        45483,
        7
      ],
      [
        21,
        58
      ]
    ]
  }
}